Topology000-018,SecondCountable,2,3,4,5,6,7,Separable,2,3,4,5,6,7
Topology000-018,MetricSpace,Separable,3,4,5,6,7,SecondCountable,2,3,4,5,6,7
Topology000-020,T1,2,3,4,5,6,7,T0,2,3,4,5,6,7
Topology000-020,T2,2,3,4,5,6,7,T1,2,3,4,5,6,7
Topology000-020,T4,2,3,4,5,6,7,T3,2,3,4,5,6,7
Topology000-020,T1,T5,3,4,5,6,7,T4,2,3,4,5,6,7
Topology000-020,T1,T4,3,4,5,6,7,T3,2,3,4,5,6,7
Topology000-020,T1,T3,3,4,5,6,7,T2,2,3,4,5,6,7
Topology000-022,Lindeloef,T3,3,4,5,6,7,T5,2,3,4,5,6,7
Topology000-035,Compact,Hausdorff,3,4,5,6,7,Regular,2,3,4,5,6,7
Topology000-038,Hausdorff,Compact,3,4,5,6,7,LocallyCompact,2,3,4,5,6,7
Topology000-040,LocallyCompact,Hausdorff,3,4,5,6,7,BaireSpace,2,3,4,5,6,7
Topology000-041,LocallyCompact,Hausdorff,3,4,5,6,7,Normal,2,3,4,5,6,7
Topology000-079,MetricSpace,2,3,4,5,6,7,UniformSpace,2,3,4,5,6,7
Topology000-083,UniformSpace,Hausdorff,3,4,5,6,7,1,Regular,3,4,5,6,7
Topology000-088,Compact,UniformSpace,3,4,5,6,7,Complete,2,3,4,5,6,7
Topology000-094,SecondCountable,2,3,4,5,6,7,Lindeloef,2,3,4,5,6,7
thorem11-6,MetricSpace,2,3,4,5,6,7,Hausdorff,Normal,3,4,5,6,7
BCT1,Complete,MetricSpace,3,4,5,6,7,BaireSpace,2,3,4,5,6,7
BCT2,LocallyCompact,Hausdorff,3,4,5,6,7,BaireSpace,2,3,4,5,6,7
Definition1,Normal,2,3,4,5,6,7,T1,T4,3,4,5,6,7
Definition2,T1,T4,2,3,4,5,6,7,Normal,2,3,4,5,6,7
Definition3,Regular,2,3,4,5,6,7,T1,T3,3,4,5,6,7
Definition4,T1,T3,3,4,5,6,7,Regular,2,3,4,5,6,7
Definition5,Hausdorff,2,3,4,5,6,7,T2,T1,3,4,5,6,7
Definition6,T1,T2,3,4,5,6,7,Hausdorff,2,3,4,5,6,7
Definition7,Compact,2,3,4,5,6,7,LocallyCompact,2,3,4,5,6,7
theoremA,Compact,MetricSpace,3,4,5,6,7,Separable,2,3,4,5,6,7
TopologicalGroup000-003,TopologicalGroup,2,3,4,5,6,7,SemitopologicalGroup,2,3,4,5,6,7
TopologicalGroup000-039,SemitopologicalGroup,Complete,MetricSpace,Separable,5,6,7,TopologicalGroup,2,3,4,5,6,7
TopologicalGroup000-040,SemitopologicalGroup,SecondCountable,Regular,LocallyCompact,5,6,7,TopologicalGroup,2,3,4,5,6,7
TopologicalGroup000-041,Compact,MetricSpace,SemitopologicalGroup,4,5,6,7,TopologicalGroup,2,3,4,5,6,7
TopologicalGroup000-042,SecondCountable,Hausdorff,Compact,SemitopologicalGroup,5,6,7,TopologicalGroup,2,3,4,5,6,7
